,count,mean,median,min,max,range,variance,std_dev,skewness,kurtosis,5th_percentile,10th_percentile,25th_percentile,50th_percentile,75th_percentile,90th_percentile,95th_percentile,iqr,coefficient_of_variation,mad
price,33.0,2581484.8484848486,1500000.0,250000.0,13000000.0,12750000.0,8455524632575.757,2907838.4811704652,2.2154936350976984,5.062655105796111,350000.0,378000.0,1000000.0,1500000.0,2500000.0,6720000.000000001,8199999.999999996,1500000.0,1.1264208979871269,1960492.1946740127
area,33.0,130879.72727272728,62524.0,9897.0,1876153.0,1866256.0,101330834735.32954,318325.04572422436,5.467796173554008,30.770554541390666,16551.2,23401.600000000002,32582.0,62524.0,96000.0,155418.2,211999.99999999988,63418.0,2.432195209735564,121230.66115702479
price_per_sqm,33.0,34.16946777792198,26.041666666666668,5.330055704412167,115.03697617091208,109.70692046649992,803.8658011914418,28.352527245228806,1.5108892316245357,2.001852973516867,6.364514869034846,7.2721532984676305,15.606188968653855,26.041666666666668,46.03768952182187,61.69252068729701,101.75358509724296,30.431500553168014,0.8297620387154028,20.97476346032186
crop_yield,33.0,70.0,70.0,70.0,70.0,0.0,0.0,0.0,0.0,0.0,70.0,70.0,70.0,70.0,70.0,70.0,70.0,0.0,0.0,0.0
capital_distance,33.0,19.78787878787879,18.0,0.0,74.0,74.0,264.6098484848485,16.26683277361787,2.021347128330863,4.666611238565828,4.6,6.2,10.0,18.0,23.0,34.6,52.39999999999996,13.0,0.822060461760168,10.820936639118457
elevator_distance,33.0,30.09090909090909,25.0,1.5,81.0,79.5,273.9758522727273,16.552215932397914,0.8997106339563482,1.5761711037885635,6.6,10.200000000000001,23.0,25.0,36.0,51.8,54.99999999999999,13.0,0.5500736412579368,12.468319559228652
