,count,mean,median,min,max,range,variance,std_dev,skewness,kurtosis,5th_percentile,10th_percentile,25th_percentile,50th_percentile,75th_percentile,90th_percentile,95th_percentile,iqr,coefficient_of_variation,mad
price,85.0,1823262.0,1000000.0,85000.0,13000000.0,12915000.0,5897652856882.857,2428508.360472094,2.5880201914484386,7.28814279300788,160000.0,250000.0,380000.0,1000000.0,2099000.0,4410000.000000003,7000000.0,1719000.0,1.3319579744831482,1616252.0470588235
area,85.0,452398.3294117647,141000.0,9897.0,11217757.0,11207860.0,1744593417757.938,1320830.5787488183,6.889144971058696,53.99440827384368,26100.0,32450.0,70000.0,141000.0,319987.0,631200.0000000003,1792922.3999999987,249987.0,2.919618603513061,522572.1422837372
price_per_sqm,85.0,16.076163628686032,5.769230769230769,0.11833427935015547,115.03697617091208,114.91864189156193,539.2570875499208,23.221909644771266,2.4509845514464588,6.636804634949332,0.6373770338398195,0.8920581914260217,2.0,5.769230769230769,23.863636363636363,43.61647207148355,60.17454011211121,21.863636363636363,1.4444932373874626,16.2860938401125
crop_yield,85.0,62.15294117647059,70.0,40.0,73.0,33.0,118.72633053221314,10.896161275064404,-0.9339792574437279,-0.6511604523611036,40.0,46.0,54.0,70.0,70.0,71.0,71.0,16.0,0.1753120780580114,9.55044982698962
capital_distance,85.0,93.31764705882352,74.0,0.0,515.0,515.0,7872.624089635858,88.72780899828338,1.6593662048643214,4.807277354608891,7.0,10.4,19.0,74.0,155.0,190.0,232.8,136.0,0.9508148972332435,69.19723183391001
elevator_distance,85.0,59.258823529411764,38.0,1.5,299.0,297.5,3602.9381652661064,60.024479716746455,2.3314580242197485,5.2823025817434,15.2,20.4,24.5,38.0,67.0,128.80000000000018,212.99999999999997,42.5,1.0129205431652668,40.45425605536333
